age,workclass,fnlwgt,education,education-num,marital-status,occupation,relationship,race,sex,capital-gain,capital-loss,hours per week,native-country,class
72.65181588554796,Private,225977.70876909516,Bachelors,12.843501493813951,Divorced,Exec-managerial,Unmarried,White,Female,-0.0019979016780853273,0.001974574327468872,52.83819691820977,United-States,<=50K
58.832179186014365,Private,208952.61878751917,Assoc-acdm,12.19910519494312,Married-civ-spouse,Prof-specialty,Husband,White,Male,-0.0019998998641967774,0.0019781649112701415,30.435691304704687,United-States,>50K
75.1387926880042,Private,110106.91972022076,7th-8th,4.501079012466509,Married-civ-spouse,Handlers-cleaners,Husband,White,Male,-0.0019966166019439696,0.001937707543373108,40.001861552716385,United-States,>50K
35.36919206473611,State-gov,146237.84144204433,HS-grad,9.296186704328118,Never-married,Farming-fishing,Own-child,White,Female,-0.001997330069541931,0.0019651716947555542,40.00133299446214,United-States,<=50K
43.91994653086793,Private,149734.5506625956,Some-college,9.816182112433046,Married-civ-spouse,Transport-moving,Husband,White,Male,-0.001996685266494751,0.001919458031654358,76.91405065751808,United-States,<=50K
18.950419421711864,Private,191429.6663167534,Some-college,10.007835736962871,Divorced,Exec-managerial,Not-in-family,White,Male,-199.15301247290063,0.0018660786151885986,77.03241992861467,United-States,<=50K
31.45537063821515,Private,226662.93340917025,HS-grad,9.155526371679132,Married-civ-spouse,Craft-repair,Husband,Black,Male,-0.001997802019119263,0.0018543785810470582,40.00130689120401,United-States,<=50K
36.15622296316996,Private,120298.31938874279,Bachelors,12.868408027335315,Never-married,Tech-support,Unmarried,White,Female,-0.0019958152770996095,0.001967444658279419,40.68237407094779,United-States,<=50K
74.47940420681321,Private,145082.32831694026,Prof-school,15.567202709281837,Married-civ-spouse,Prof-specialty,Husband,White,Male,99998.99800117646,0.0019820737838745117,40.0017742693435,United-States,>50K
74.70224344143881,Self-emp-not-inc,129465.63533359565,Bachelors,12.845618923389912,Married-civ-spouse,Prof-specialty,Husband,Asian-Pac-Islander,Male,-0.001998910427093506,0.001981292486190796,40.001903413177615,United-States,>50K
57.25300936331288,Private,200898.74158937036,Bachelors,13.093096612167821,Married-civ-spouse,Prof-specialty,Husband,White,Male,-0.001999775290489197,0.0019382079839706421,52.73092682579198,United-States,<=50K
43.64355062980466,Private,226318.20821700813,Bachelors,13.392464579596309,Never-married,Other-service,Own-child,White,Male,-0.001996433973312378,0.001970353722572327,39.79154763270776,United-States,<=50K
30.46428827432449,Private,128903.31486994593,Assoc-voc,10.527080579029118,Divorced,Adm-clerical,Not-in-family,White,Female,-175.9871767911818,0.0019218306541442872,40.001175382615216,United-States,<=50K
56.92508579573523,private,302264.04785443365,Some-college,10.1265129005915,Never-married,Prof-specialty,Husband,Black,Male,-0.001997794270515442,0.001849938988685608,40.00171726620305,United-States,<=50K
42.45115096348169,State-gov,323009.98264882684,Bachelors,13.020510765752718,Married-civ-spouse,Handlers-cleaners,Husband,White,Male,-195.64350765315976,0.0018808673620224,40.0018294931661,United-States,>50K
26.44487451815241,Private,171025.23855412012,Bachelors,12.96089290900282,Never-married,Prof-specialty,Not-in-family,White,Female,-0.001998151183128357,0.001993226170539856,29.39267484875038,United-States,<=50K
25.536009471782787,Private,191710.25481625454,Bachelors,13.200082505403444,Married-civ-spouse,Exec-managerial,Husband,White,Male,-0.0019921188354492187,0.0018966931104660034,30.29066484963201,United-States,<=50K
45.41680201935157,Self-emp-not-inc,202659.09294226588,Assoc-acdm,12.23645726298536,Never-married,Prof-specialty,Not-in-family,Black,Female,-0.0019998157024383547,0.0019791163206100463,29.212312484158495,United-States,>50K
26.940229271851067,Private,316578.13490977115,HS-grad,9.149188934177937,Never-married,Handlers-cleaners,Own-child,White,Male,-0.001998561978340149,0.001899978756904602,40.001232669354565,United-States,<=50K
23.588051209958962,Federal-gov,280109.91540293075,Some-college,9.948761246105503,Never-married,Adm-clerical,Own-child,White,Female,-0.0019804340600967406,0.0019483132362365723,19.4016410393077,United-States,<=50K
76.0688497763602,Local-gov,177265.7103238633,Masters,13.523464341200116,Widowed,Prof-specialty,Wife,White,Female,-0.0019987428188323977,0.0019297685623168945,22.01492738188372,United-States,<=50K
45.13168777868583,State-gov,223050.48428389063,Doctorate,16.028597073858176,Never-married,Sales,Not-in-family,White,Female,-0.0019988230466842652,0.0019960561990737917,26.4946723690813,United-States,<=50K
45.56617888616791,Private,203532.47895007336,Bachelors,12.868251868774792,Never-married,Sales,Unmarried,White,Male,-0.0019967205524444582,0.001953372120857239,72.81887494636783,United-States,<=50K
26.051122118629305,Private,221561.51206395339,Bachelors,13.015011483270623,Divorced,Prof-specialty,Unmarried,White,Female,-0.0019966729879379273,0.0019501558542251588,40.00167284727205,United-States,<=50K
26.10946013016209,Private,237457.9848144786,Bachelors,12.992433042005485,Never-married,Sales,Own-child,Black,Male,-0.0019963327646255495,0.001955014705657959,38.98255139496422,United-States,<=50K
45.00980674634667,Private,156363.54206739017,HS-grad,9.26699627690774,Married-civ-spouse,Craft-repair,Husband,White,Male,-0.0019987235069274904,0.001513740062713623,40.00178002500642,United-States,<=50K
56.71834050851877,Private,139874.6837729612,Bachelors,13.289427779475298,Never-married,Prof-specialty,Husband,White,Female,-0.001992813467979431,0.0018946924209594727,40.00151011121381,United-States,<=50K
34.75516749457008,Private,154363.38344315742,Assoc-acdm,12.112323971155108,Married-civ-spouse,Exec-managerial,Not-in-family,Asian-Pac-Islander,Male,-0.001999003291130066,0.0019420574903488159,50.00611056708552,United-States,<=50K
25.09657869332993,Private,198682.09437245553,Some-college,9.841681838322971,Married-civ-spouse,Other-service,Husband,White,Male,-0.001998534560203552,0.0019723641872406005,40.0010522713672,United-States,<=50K
24.94421946080941,Private,39739.87587036375,HS-grad,9.206483371161344,Never-married,Farming-fishing,Own-child,White,Female,-0.001998612999916077,0.0019867358207702637,18.608735405284662,United-States,<=50K
56.81045521219377,Private,98626.78473668413,Some-college,9.82963986351765,Married-civ-spouse,Adm-clerical,Husband,White,Male,-0.001996780753135681,0.0019533851146698,68.509140516923,United-States,<=50K
58.0368552963499,Self-emp-not-inc,126392.08234987098,Some-college,9.848138785711976,Married-civ-spouse,Machine-op-inspct,Husband,White,Male,-0.001997673511505127,2168.886470921156,40.00135690736879,United-States,<=50K
57.93451484534708,Private,174578.87909905287,HS-grad,9.078541837125846,Divorced,Farming-fishing,Not-in-family,White,Male,-0.0019993916749954225,0.0019019415378570556,40.00151156425584,United-States,<=50K
24.26756760691361,Private,158461.42891864112,HS-grad,9.221183930915123,Married-civ-spouse,Machine-op-inspct,Husband,White,Male,-0.001998144268989563,0.0016966845989227295,40.001546695948726,United-States,<=50K
57.487265537973514,Private,147410.85075112377,HS-grad,9.02226131167258,Widowed,Craft-repair,Wife,White,Female,-0.001995180606842041,0.0016735204458236694,40.001783276439795,United-States,<=50K
35.50618172542809,Private,288993.35286703263,Some-college,9.90523967631437,Never-married,Sales,Not-in-family,White,Male,-0.0019962894916534424,0.0019329115152359009,71.91582897764918,United-States,<=50K
54.59793338977229,private,141837.68314294776,HS-grad,9.030730191936518,Married-civ-spouse,Sales,Wife,Black,Female,-191.91886194140807,0.001962682247161865,39.9146781422838,United-States,>50K
24.980136423778063,Private,286226.32941930066,HS-grad,9.433905263423016,Never-married,Adm-clerical,Own-child,White,Male,-0.0019978657960891726,0.0016336202621459962,40.00107974946607,United-States,<=50K
58.58497785768546,Private,151711.63734614349,HS-grad,9.089894099417107,Married-civ-spouse,Prof-specialty,Husband,White,Male,-0.001993125557899475,0.0018710460662841797,40.001689474702964,United-States,>50K
35.058846900366525,Private,227477.1534856498,HS-grad,9.404086506686044,Married-civ-spouse,Craft-repair,Husband,White,Male,-0.0019981982707977294,0.0018924908638000488,63.37906828951412,United-States,<=50K
58.084898770317004,Private,153115.9309077225,HS-grad,9.075833286372356,Married-civ-spouse,Exec-managerial,Husband,White,Male,-0.0019988769292831423,0.0019587279558181763,52.9904998809452,United-States,<=50K
43.44307274947167,Private,220442.6856437568,Bachelors,13.005730490453512,Divorced,Adm-clerical,Unmarried,White,Female,-0.0019928421974182127,0.0019261270761489868,52.192193817133536,United-States,<=50K
55.64029202369718,Self-emp-not-inc,135673.7475554229,HS-grad,9.126388597663036,Divorced,Other-service,Not-in-family,White,Male,-0.0019987680912017824,0.0019146136045455934,40.00165667748559,United-States,<=50K
43.21425407309617,Private,216168.4849690659,Masters,13.908979918799261,Separated,Protective-serv,Husband,White,Male,-0.001999381899833679,0.0018656471967697145,40.00161309325803,Jamaica,<=50K
34.796679407150855,Private,140092.08202314435,HS-grad,9.092566043891763,Never-married,Craft-repair,Own-child,White,Male,-0.001998509407043457,0.0016512943506240844,40.001563827873355,United-States,<=50K
26.601322965986796,Private,117791.72373767589,9th,5.141441384497806,Never-married,Handlers-cleaners,Not-in-family,White,Female,-0.0019925669431686403,0.0019775627851486206,26.350147967657698,United-States,<=50K
44.891685045219646,Private,166903.1435436761,10th,2.5711651028205056,Never-married,Prof-specialty,Not-in-family,White,Male,-0.001980082392692566,0.0019353797435760498,30.17699957641054,Jamaica,<=50K
34.828540499377354,Self-emp-inc,231722.4904898391,HS-grad,9.126088606657717,Married-civ-spouse,Craft-repair,Husband,White,Male,-0.001997249126434326,0.0016994454860687256,40.00111370062936,United-States,<=50K
55.399598789183045,Private,452884.95943138306,Masters,13.942657736577823,Married-civ-spouse,Prof-specialty,Wife,White,Female,-0.001999038100242615,0.001941953420639038,53.716018089150936,United-States,<=50K
41.38966028582437,Private,230468.00665556532,Masters,14.03396367099879,Married-civ-spouse,Prof-specialty,Husband,White,Male,-0.0019996358156204224,0.0017849196195602417,40.00184348964799,United-States,>50K
58.050529648204694,Private,125531.63782682427,Bachelors,13.037085135710184,Married-civ-spouse,Machine-op-inspct,Husband,White,Male,-0.0019994018077850342,2173.252765244264,52.304325428363114,United-States,>50K
42.5930619779716,Private,130138.09541613396,HS-grad,9.277650489242012,Never-married,Transport-moving,Not-in-family,White,Male,-0.0019953861236572264,0.0016474868059158326,40.00149507022012,United-States,<=50K
75.05143126860523,Private,132037.3747303639,HS-grad,9.244551213549151,Never-married,Adm-clerical,Other-relative,White,Female,-0.001994684934616089,0.001963194727897644,22.538730420229165,United-States,<=50K
58.94886849719451,Private,209278.9601549175,Masters,13.876009097808266,Never-married,Protective-serv,Not-in-family,White,Female,-0.001997558355331421,0.0018707370758056642,40.001552901030664,United-States,<=50K
58.56125188600084,Private,138794.98893627804,HS-grad,9.06070955725056,Divorced,Machine-op-inspct,Not-in-family,White,Male,-0.001998103380203247,0.001933794140815735,52.82383400207982,United-States,<=50K
26.86084886709301,Self-emp-not-inc,133623.93382945942,HS-grad,9.24179481568201,Divorced,Other-service,Own-child,White,Male,-0.001999282717704773,0.0019277181625366212,40.001474228860026,United-States,<=50K
42.64181270846167,Private,216783.51448532287,HS-grad,12.849913180593111,Married-civ-spouse,Handlers-cleaners,Husband,White,Male,-0.0019980270862579347,0.0018626388311386109,40.00153583884347,United-States,<=50K
31.966743457489244,Self-emp-not-inc,120055.94959702285,HS-grad,9.113230896436287,Divorced,Other-service,Not-in-family,White,Male,-0.0019983124732971193,0.0018666459321975708,40.00160335624326,United-States,<=50K
45.35192317845243,Private,155935.666200266,HS-grad,12.811599528112307,Divorced,Other-service,Unmarried,White,Female,-0.0019919905662536624,0.0019766745567321776,53.11694584861339,United-States,<=50K
45.18517506087094,State-gov,218819.63239607523,Masters,13.806017310336275,Married-civ-spouse,Adm-clerical,Husband,White,Male,-0.001999728083610535,0.0019776145219802858,52.160199223937404,United-States,>50K
76.06634373368291,Private,251766.55856088304,Masters,13.959551553830751,Married-civ-spouse,Prof-specialty,Not-in-family,White,Female,-198.63661347185098,0.0018087255954742432,40.001778708697444,United-States,<=50K
23.935838514704038,Private,158343.10711604223,HS-grad,9.154643544369339,Married-civ-spouse,Prof-specialty,Husband,White,Male,-0.001997816562652588,0.0019384998083114625,52.80659045568932,United-States,<=50K
33.264224576169944,Private,101336.0225236814,HS-grad,9.275047304149624,Married-civ-spouse,Transport-moving,Husband,White,Male,-0.0019983479976654053,0.0019334400892257692,74.37695686915728,United-States,<=50K
33.722618950378006,State-gov,391035.2124008302,Some-college,9.874235609838163,Married-civ-spouse,Exec-managerial,Husband,White,Male,-0.0019915143251419067,0.0019897162914276124,80.25815962838169,United-States,<=50K
35.73932575858093,Private,132381.5124031308,HS-grad,9.265728612849886,Married-civ-spouse,Craft-repair,Husband,White,Male,-0.001996776819229126,0.0018413137197494508,50.71285820003597,United-States,>50K
39.330637333464786,Private,144223.0615575294,Masters,13.67841275028841,Never-married,Prof-specialty,Unmarried,White,Female,-0.0019990177154541014,0.001969462513923645,40.001867169738894,United-States,<=50K
34.623796066221836,Private,139470.50000257272,HS-grad,9.142896028430735,Married-civ-spouse,Transport-moving,Husband,White,Female,-0.0019980177879333496,0.001980652451515198,40.00159374749769,United-States,>50K
45.038904175560795,Private,129110.82202762857,HS-grad,9.0796898539733,Married-civ-spouse,Machine-op-inspct,Husband,White,Male,-0.0019982048273086547,0.0018160722255706788,51.9722090503353,United-States,<=50K
58.108656172957936,Private,156731.02903462094,Masters,13.74265656786814,Married-civ-spouse,Prof-specialty,Husband,White,Male,-198.48111559940844,0.0019338370561599733,40.00182713961709,United-States,<=50K
56.085439228712346,Private,208015.75291468945,Masters,5.509091105551375,Never-married,Protective-serv,Not-in-family,White,Male,-0.001998062014579773,0.0018670027256011963,40.001776624323014,Mexico,<=50K
24.645134618912635,Self-emp-inc,233554.52700072058,HS-grad,8.912874845152961,Married-civ-spouse,Farming-fishing,Husband,White,Male,-0.001998317837715149,0.001983885645866394,71.92459295231353,United-States,<=50K
23.78754103554612,Local-gov,155173.19762333133,HS-grad,9.086435767325446,Married-civ-spouse,Craft-repair,Husband,White,Male,-0.0019989607334136962,0.0018601429462432862,40.00131513857949,United-States,<=50K
57.16952245714659,Private,214950.25067132906,HS-grad,9.094373562283605,Divorced,Other-service,Unmarried,Black,Female,-0.0019814079999923707,0.001918527364730835,40.00140832543481,United-States,<=50K
35.68631666367337,Private,139703.10843570557,HS-grad,9.138199752813073,Married-civ-spouse,Machine-op-inspct,Husband,White,Male,-0.0019978818893432618,0.0018311564922332765,52.69322230660558,United-States,<=50K
48.175067245395674,private,295092.8459093319,Assoc-voc,10.645697006838203,Married-civ-spouse,Prof-specialty,Husband,White,Male,-0.0019979326725006103,0.0018695089817047119,40.00144018256772,United-States,<=50K
34.491646752655086,Private,151655.467035227,Bachelors,13.067587772429428,Never-married,Sales,Not-in-family,White,Male,-0.0019997570514678955,0.00189815354347229,52.21905044813225,United-States,<=50K
41.89611286281323,Private,233988.9335095295,Assoc-voc,13.997241672989032,Married-civ-spouse,Exec-managerial,Husband,White,Male,-0.0019987902641296386,0.001992032289505005,40.00145025229562,United-States,>50K
32.57889411962267,Private,445119.1551624838,Some-college,9.833413645214694,Married-civ-spouse,Adm-clerical,Husband,White,Female,-177.79046522973113,0.0018621681928634643,53.63265323906395,United-States,>50K
73.32015478803206,Private,202176.05546627005,HS-grad,9.089919641418735,Married-civ-spouse,Machine-op-inspct,Other-relative,White,Female,-0.0019971240758895874,2179.512901054559,40.001351400614865,United-States,<=50K
58.55349095426732,Local-gov,111203.11760540432,Masters,13.788417115563039,Married-civ-spouse,Other-service,Husband,Black,Female,-0.0019950748682022097,0.0018858548402786255,40.00166103160489,United-States,<=50K
44.53099254436454,Federal-gov,137317.40018721446,HS-grad,9.437128376632153,Divorced,Craft-repair,Not-in-family,White,Male,-0.001998754382133484,0.0018718502521514893,52.292360667274885,United-States,<=50K
54.167398436348385,Local-gov,144752.39260726236,HS-grad,9.197246661447483,Married-civ-spouse,Adm-clerical,Husband,White,Female,-0.001986894249916077,0.0019100202322006226,40.001577848793154,United-States,<=50K
34.739846453533275,Local-gov,430492.16191263095,HS-grad,9.198106379327232,Divorced,Sales,Unmarried,Amer-Indian-Eskimo,Female,-0.0019944311380386353,0.0019774773120880126,40.00094874173511,United-States,<=50K
44.203177834505624,State-gov,138942.0311431525,Bachelors,13.069808705647015,Married-civ-spouse,Prof-specialty,Husband,White,Male,-0.00199665105342865,0.0018846205472946168,40.001688242913374,United-States,<=50K
44.534482216935515,Local-gov,137872.80896478854,Masters,13.70439266319049,Married-civ-spouse,Prof-specialty,Husband,White,Female,-0.0019991521835327148,0.001969443678855896,40.00162880480397,United-States,<=50K
26.843808399407962,Private,298110.57782716583,Some-college,9.99464547066492,Never-married,Sales,Own-child,White,Male,-0.001998136043548584,0.0017736170291900635,40.0009482681762,United-States,<=50K
30.553882950242937,Private,427028.80289840203,Some-college,9.984967288443624,Never-married,Sales,Not-in-family,White,Male,-0.0019865915775299074,0.001843184232711792,68.48767057824357,United-States,<=50K
57.99367796303962,Private,304772.194437261,Some-college,9.81339018725027,Married-civ-spouse,Prof-specialty,Husband,White,Male,-0.0019979772567749023,0.0015309543609619142,40.00138038802255,United-States,<=50K
34.48569098408188,Private,357051.4795760842,Some-college,10.100519382287574,Married-civ-spouse,Prof-specialty,Husband,White,Female,-0.001996182918548584,0.0018756728172302246,40.00160571861375,United-States,<=50K
56.333186827062015,Private,118115.72523921181,Assoc-voc,10.682629956494601,Married-civ-spouse,Prof-specialty,Husband,White,Male,-0.0019993152618408205,0.001963455319404602,53.15758025146155,United-States,>50K
76.06977860254212,Private,236568.21388782217,Masters,13.830926234917333,Married-civ-spouse,Prof-specialty,Wife,White,Female,-201.06158909905298,0.001955727934837341,53.36190763950102,United-States,<=50K
34.210733971550475,Private,137347.91449836147,11th,7.028955660896163,Married-civ-spouse,Transport-moving,Husband,White,Male,-0.0019914445877075196,0.0017271653413772584,52.77596698006332,United-States,<=50K
22.59395652667682,Private,225138.55312698561,HS-grad,9.198182318719175,Divorced,Prof-specialty,Not-in-family,White,Male,-0.0019989070892333983,0.0018465633392333984,40.001064315677766,United-States,<=50K
58.06453465371993,Private,129227.96280425723,Assoc-voc,10.488849106967274,Married-civ-spouse,Craft-repair,Husband,White,Male,-0.001999753832817078,0.001960577130317688,40.00173883521665,United-States,<=50K
30.43839463834811,Private,281456.6704714698,HS-grad,9.266341130451186,Never-married,Adm-clerical,Other-relative,White,Female,-0.0019837794303894044,0.001880442500114441,40.00143366253484,United-States,<=50K
45.156710418138815,Self-emp-not-inc,220213.73114577954,10th,6.045214878583373,Married-civ-spouse,Handlers-cleaners,Husband,White,Male,-0.001973913788795471,0.001995676040649414,75.69135842286373,United-States,<=50K
57.411990283454315,Private,181925.66802383767,11th,5.244473069992646,Married-civ-spouse,Handlers-cleaners,Husband,White,Male,-0.0019923179149627687,0.001968031883239746,40.00183955538381,Mexico,<=50K
41.186762721584024,Self-emp-not-inc,120701.57936419622,Doctorate,5.302162237540625,Married-civ-spouse,Prof-specialty,Husband,White,Male,-0.0019989724159240724,0.0018008143901824952,40.00161912834752,United-States,<=50K
35.59862281139203,Self-emp-not-inc,217146.40670319594,Bachelors,13.032663515874013,Never-married,Sales,Other-relative,White,Female,-0.0019980942010879516,0.0019713659286499023,41.04364379438949,United-States,<=50K
44.70884106410298,Private,134981.50081430035,Bachelors,13.138894681437973,Never-married,Prof-specialty,Not-in-family,White,Female,-0.0019969037771224974,0.0018746087551116944,40.001763279915934,United-States,<=50K
34.669645125365044,Private,297616.08239680924,9th,13.322861932789241,Never-married,Transport-moving,Not-in-family,White,Male,-0.0019982494115829467,0.001965959906578064,81.7531370079552,United-States,<=50K
34.87640779238923,Private,91322.68908206897,Bachelors,13.012455474860214,Married-civ-spouse,Craft-repair,Husband,White,Male,-0.001998966932296753,0.001943298578262329,81.92293206543616,United-States,>50K
57.79770469317175,Private,263656.8704904951,Masters,13.833606423615077,Married-civ-spouse,Prof-specialty,Husband,White,Male,-0.001999484658241272,0.0017348324060440063,28.486709226870246,United-States,>50K
55.1674013421611,Private,204918.5157146624,Some-college,9.794238335378335,Divorced,Other-service,Not-in-family,White,Female,-0.0019868338108062745,0.001955636024475098,37.377134239191044,United-States,<=50K
43.72412341668025,Self-emp-not-inc,305422.78960680455,Assoc-voc,10.544952211635026,Married-civ-spouse,Machine-op-inspct,Husband,Black,Male,-0.0019997910261154174,0.0019346698522567749,40.00115003860105,United-States,<=50K
20.69495434209047,Private,214632.12259520573,Some-college,10.00582800223567,Divorced,Protective-serv,Own-child,White,Female,-0.0019913321733474733,0.0019791707992553712,40.00147009408582,United-States,<=50K
26.771417715101652,Private,74599.70049741532,Bachelors,13.282535455293672,Never-married,Exec-managerial,Not-in-family,White,Male,-0.001999182343482971,0.0017243903875350953,29.183478741768674,United-States,<=50K
42.38904348435379,Private,188266.73532917362,HS-grad,9.200179440371965,Married-civ-spouse,Adm-clerical,Husband,White,Male,-0.0019983257055282595,0.0018121405839920043,50.78210553386169,United-States,<=50K
56.90270758345744,Private,281335.72957575804,Some-college,9.975824742791072,Divorced,Machine-op-inspct,Not-in-family,Black,Female,-0.001998141050338745,0.001885318398475647,39.977123327384305,United-States,<=50K
35.00100560575997,Private,314292.29078067705,HS-grad,9.188233316734053,Married-civ-spouse,Craft-repair,Husband,White,Male,-0.0019992018938064576,0.001620526432991028,40.00141547727693,United-States,<=50K
34.24484608125217,Private,153111.2515396739,HS-grad,9.165824977359375,Never-married,Exec-managerial,Not-in-family,White,Male,-0.001992198705673218,0.001933575987815857,72.07572980542788,United-States,<=50K
58.95100140189011,Private,139715.22737264988,9th,4.157670144739729,Married-civ-spouse,Transport-moving,Husband,White,Male,-0.0019990423917770387,0.001959153652191162,40.00198582089055,United-States,<=50K
24.83604552708285,Self-emp-inc,317302.26911130827,HS-grad,9.262018234954123,Never-married,Farming-fishing,Own-child,White,Female,-0.001965944528579712,0.0017040060758590698,40.00129130911935,United-States,<=50K
34.579550886127656,Private,208369.02880847562,Some-college,9.911501861036568,Married-civ-spouse,Prof-specialty,Husband,White,Male,-0.0019968773126602174,0.0018292360305786134,51.73950476610363,United-States,<=50K
45.15429704340244,Private,158192.6560387538,HS-grad,9.086799358307173,Divorced,Sales,Not-in-family,White,Male,-0.0019975346326828003,0.0019264374971389771,50.941930392783796,United-States,<=50K
35.72874690758193,Self-emp-inc,133117.62262773028,HS-grad,8.935967207962996,Married-civ-spouse,Exec-managerial,Husband,White,Male,-0.0019988811016082766,0.001986408829689026,79.79719713342362,United-States,<=50K
25.021556238694505,Self-emp-not-inc,203931.93451647216,HS-grad,9.107550017852565,Never-married,Prof-specialty,Own-child,White,Male,-0.0019993940591812136,0.001900845766067505,22.324379677736424,United-States,<=50K
75.62895506163193,Private,278597.7270293817,Masters,13.664095394467312,Married-civ-spouse,Prof-specialty,Wife,Black,Male,-0.0019947936534881593,0.0019870378971099853,29.453345660977988,United-States,<=50K
44.173599506259016,Private,307547.71502444596,HS-grad,9.014253796074026,Separated,Handlers-cleaners,Unmarried,White,Male,-0.0019886178970336915,0.0019189907312393189,51.361754071295586,United-States,<=50K
42.92572166379722,Private,149889.8600512615,11th,7.065081043969733,Separated,Craft-repair,Husband,White,Male,-0.0019631503820419314,0.0017300477027893067,26.96114562322865,Mexico,<=50K
42.717276468881394,Private,217702.4374806148,HS-grad,9.156930671713447,Married-civ-spouse,Prof-specialty,Husband,White,Male,-0.001999908208847046,0.0019836984872817994,40.001388358474856,United-States,<=50K
74.69638534317893,Private,209064.92069685954,Assoc-acdm,12.055687507817074,Divorced,Exec-managerial,Not-in-family,White,Male,-0.0019995287656784056,0.001986538052558899,40.001871682287344,United-States,<=50K
70.5144475640609,Private,222296.63355720995,HS-grad,9.108685322551743,Married-civ-spouse,Machine-op-inspct,Husband,White,Male,-0.0019994502067565917,0.0019387376308441162,40.00116513204683,United-States,<=50K
26.6387232012515,Private,142115.22358046903,Assoc-acdm,5.700248094635894,Never-married,Protective-serv,Not-in-family,White,Male,-0.0019960657358169555,0.0019554094076156617,27.567509503507562,United-States,<=50K
27.080026296309924,private,185673.3575006099,HS-grad,9.197799463339903,Married-civ-spouse,Prof-specialty,Husband,White,Male,-0.0019998466968536377,0.0019590777158737184,40.00160284948457,United-States,<=50K
31.77644382907826,Private,308856.93670522573,Masters,13.756410493694592,Never-married,Protective-serv,Not-in-family,White,Female,-0.0019961032867431643,0.001909381151199341,40.001745549203044,United-States,<=50K
29.68232709367526,Private,314102.7068643202,Some-college,9.829533693538526,Divorced,Machine-op-inspct,Not-in-family,White,Female,-0.0019779465198516847,0.0017643543481826783,51.84216168784528,United-States,<=50K
26.146810345444145,Private,187339.45087210875,Some-college,9.952469544544911,Married-civ-spouse,Craft-repair,Own-child,White,Male,-0.001997275710105896,0.0018977314233779908,40.0016040754329,United-States,<=50K
43.64168404988655,private,136328.92618598044,Some-college,9.720543932362196,Married-civ-spouse,Exec-managerial,Husband,White,Male,-0.0019992566108703613,0.0019766869544982912,75.8598694713653,United-States,>50K
58.15391675005283,Private,213845.1597572222,HS-grad,9.414983132625647,Married-civ-spouse,Prof-specialty,Husband,White,Male,-0.0019987165927886964,0.0019010465145111084,40.00157259070981,United-States,<=50K
39.53849180303848,Private,108228.33686560493,Some-college,9.783276186946072,Married-civ-spouse,Craft-repair,Husband,White,Male,-0.0019985201358795166,0.0018713600635528564,37.18426331722401,United-States,<=50K
35.884224242304946,Self-emp-not-inc,154418.43255670238,HS-grad,9.054017945173769,Married-civ-spouse,Craft-repair,Husband,White,Male,-0.001998910188674927,2164.32789013692,52.26701701751597,United-States,<=50K
74.61190544938185,Private,185017.54679642883,Bachelors,9.56747842137204,Married-spouse-absent,Other-service,Unmarried,White,Female,-0.0019861273765563966,0.0019691054821014404,74.2670620573246,United-States,<=50K
45.21474731361957,Private,309391.3881286383,HS-grad,9.074488741281947,Never-married,Machine-op-inspct,Own-child,Black,Female,-0.001995615005493164,0.0017697931528091431,40.001241611481795,United-States,<=50K
57.52192193902655,State-gov,424003.5418602645,Some-college,10.046974872105679,Married-civ-spouse,Prof-specialty,Not-in-family,White,Female,-0.0019998929500579833,0.0018758713006973267,40.00168727219213,United-States,<=50K
26.493077761958155,Private,99233.2292700334,HS-grad,9.066232318681333,Never-married,Prof-specialty,Own-child,White,Male,-0.001997687816619873,0.0019346865415573121,25.86278715574873,United-States,<=50K
23.95552186826991,Private,306150.66643240117,HS-grad,9.301397056867987,Never-married,Craft-repair,Own-child,White,Male,-0.0019975106716156005,0.0016019989252090455,51.47114310052996,United-States,<=50K
58.829330912753015,Federal-gov,156160.08797610534,Bachelors,13.078566370324978,Married-civ-spouse,Prof-specialty,Wife,White,Female,-201.17144180345986,0.0019676593542098998,40.00190685868371,United-States,>50K
34.95913753426119,Private,104052.15633921305,Assoc-voc,10.308598299059122,Married-civ-spouse,Prof-specialty,Husband,White,Male,-0.0019959226846694945,0.001984723925590515,53.401718608726235,United-States,>50K
57.46185549564949,Self-emp-not-inc,202069.05411004214,HS-grad,9.131071651077091,Divorced,Prof-specialty,Not-in-family,White,Female,-0.0019981215000152586,0.001990626811981201,28.51360998094343,United-States,<=50K
73.45039748669326,private,147256.15424335908,Some-college,9.895697757336793,Married-civ-spouse,Transport-moving,Husband,White,Female,-201.01533532877602,0.0019512487649917603,52.450025660497715,United-States,>50K
35.06651634425651,private,142532.69008491735,HS-grad,9.152178368479305,Married-civ-spouse,Prof-specialty,Husband,White,Male,-0.0019996327161788943,0.0018767423629760744,40.001496579767355,United-States,<=50K
34.75555818305638,Local-gov,225717.7262846488,HS-grad,9.065009833755395,Married-civ-spouse,Adm-clerical,Husband,White,Female,-0.001995940089225769,0.0019087218046188355,40.00121421837915,United-States,<=50K
35.83310030663765,Private,105426.96563218159,HS-grad,9.160292564112316,Divorced,Craft-repair,Not-in-family,White,Male,-0.0019983673095703126,0.0019382443428039551,52.55437072522288,United-States,<=50K
43.08745609350654,State-gov,234258.2236550046,Some-college,9.745115534105336,Married-civ-spouse,Prof-specialty,Husband,White,Female,-0.0019959107637405396,0.001791386604309082,40.001038768530975,United-States,<=50K
75.35103558746414,Self-emp-not-inc,210825.593573774,Some-college,9.947439496564934,Married-civ-spouse,Sales,Unmarried,White,Female,-0.0019998555183410646,0.0019525489807128906,17.468926834497054,United-States,<=50K
24.91774188973053,Private,173089.5120935523,Bachelors,13.210354807487558,Never-married,Adm-clerical,Other-relative,White,Female,-0.0019906351566314697,0.001993428349494934,40.00183415389169,United-States,<=50K
44.837084544866045,Local-gov,134567.25148166576,HS-grad,9.16126064913262,Married-civ-spouse,Adm-clerical,Husband,White,Male,-0.001998113512992859,0.001881996512413025,40.00148767411817,United-States,<=50K
25.7985019174811,Private,165909.88878840217,HS-grad,9.14537211165787,Never-married,Adm-clerical,Own-child,White,Female,-0.0019967066049575806,0.001970233678817749,24.314175691835974,United-States,<=50K
76.80779076139024,State-gov,191081.5109226291,Prof-school,12.148249247432192,Married-civ-spouse,Adm-clerical,Wife,White,Female,-0.001999719262123108,0.0019928847551345824,40.00163064217676,United-States,>50K
21.946257803908228,Private,397083.3561640489,Some-college,9.965514209663064,Never-married,Adm-clerical,Own-child,White,Male,-0.0019973710775375367,0.0018322060108184814,40.00145639121641,United-States,<=50K
25.668445712519894,Private,216136.16353740048,Bachelors,13.074807891113117,Never-married,Adm-clerical,Own-child,White,Female,-0.001998727560043335,0.00198790979385376,20.451532931920397,United-States,<=50K
35.47638387190085,Private,141542.7934842192,HS-grad,9.206929493019306,Never-married,Machine-op-inspct,Own-child,White,Male,-0.0019987125396728517,0.001580411195755005,40.00093573123325,United-States,<=50K
23.487339244167426,Self-emp-inc,223807.52452883936,HS-grad,9.189122362795395,Never-married,Exec-managerial,Not-in-family,White,Female,-0.0019635947942733766,0.0017861523628234864,40.0012919218551,United-States,<=50K
44.50657605267163,State-gov,91517.30560970175,HS-grad,9.165048751613988,Married-civ-spouse,Tech-support,Husband,Black,Female,-0.0019826037883758545,0.0018740930557250978,40.001803452016006,United-States,>50K
25.443387502597364,Private,101085.10483282288,Some-college,9.858170043928153,Never-married,Sales,Own-child,White,Male,-0.0019955317974090577,0.0018488421440124511,40.00129221487153,United-States,<=50K
26.217417637558484,Private,125008.66859889054,10th,6.052553080175853,Never-married,Prof-specialty,Not-in-family,White,Male,-0.001988914608955383,0.001966249227523804,27.632470666706993,United-States,<=50K
38.254865920316874,Private,228063.06946131046,Some-college,9.98789747785642,Divorced,Sales,Not-in-family,White,Female,-197.83691012785766,0.001882409691810608,40.0010767548095,United-States,<=50K
31.079561292070323,Private,210791.43118744006,Bachelors,13.168834989082143,Never-married,Sales,Not-in-family,White,Male,-0.0019964133501052857,0.0019454187154769897,77.63527277635531,United-States,<=50K
43.06605585288811,Private,234058.70605892272,HS-grad,9.263423927831846,Married-civ-spouse,Craft-repair,Husband,White,Male,-0.0019986071586608886,0.00184669828414917,40.00140069949735,United-States,<=50K
35.625324254979674,Private,114799.97022313795,HS-grad,9.179477608815864,Never-married,Machine-op-inspct,Not-in-family,White,Male,-0.001999515891075134,0.0017145437002182007,40.00125164818872,United-States,<=50K
57.24173947961625,State-gov,218421.45337644196,Assoc-voc,10.672000481843936,Married-civ-spouse,Prof-specialty,Husband,White,Female,-0.001969783067703247,0.0018908213376998902,40.001572223068365,United-States,<=50K
72.60993212984482,State-gov,158149.01176085466,Prof-school,14.935075555291455,Widowed,Adm-clerical,Husband,White,Male,-0.0019957417249679564,0.0019656378030776978,40.00191971957791,United-States,<=50K
44.854180528838064,Private,385120.99007435876,Bachelors,13.000970165830305,Never-married,Sales,Not-in-family,White,Male,-0.001997101902961731,0.0019342187643051148,78.08688245176674,United-States,<=50K
35.3520266015902,Private,210837.17211301657,Assoc-acdm,12.08451701341602,Married-civ-spouse,Handlers-cleaners,Husband,White,Male,-0.0019997740983963013,0.0019530998468399049,40.00156469857801,United-States,<=50K
57.005515727090234,Private,220333.13598001865,Bachelors,13.171599191704717,Never-married,Prof-specialty,Not-in-family,White,Male,-0.0019972574710845946,0.0019840744733810424,40.72209831685667,United-States,<=50K
73.79895292156561,Private,435950.54759333696,Bachelors,12.779529534561004,Married-civ-spouse,Transport-moving,Unmarried,Black,Female,-0.001993776798248291,0.0018392882347106935,40.00167610573877,United-States,>50K
33.71506706220932,State-gov,164149.03310211693,Assoc-acdm,12.275222154875689,Never-married,Prof-specialty,Not-in-family,White,Female,-0.0019982919692993163,0.001963888764381409,40.00182304084409,United-States,<=50K
45.754615129502916,Self-emp-inc,391297.3787662281,Bachelors,13.014786723659276,Married-civ-spouse,Exec-managerial,Unmarried,White,Male,-0.001994528532028198,0.0019503711462020873,79.71030162128403,United-States,<=50K
24.16599631089722,Private,308846.66920450376,Some-college,9.969594456144641,Divorced,Prof-specialty,Own-child,Black,Female,-0.0019612981081008913,0.0018979164361953736,40.001499512673504,United-States,<=50K
45.20182706614436,Private,292258.2201082248,Some-college,4.7975696101481065,Married-civ-spouse,Tech-support,Husband,White,Male,-0.001992347002029419,0.0016701228618621825,39.67045676432605,United-States,<=50K
38.85707732728932,Private,181217.69464078153,Bachelors,13.041307764333737,Never-married,Exec-managerial,Not-in-family,White,Female,-0.0019914196729660036,0.0019524765014648437,40.001825048805365,United-States,<=50K
76.38182091091119,Private,233981.80118814908,HS-grad,9.131158007368315,Widowed,Sales,Unmarried,White,Female,-0.0019471160173416139,0.0019452710151672363,28.65740992058677,United-States,<=50K
57.30117793248611,Private,170729.8360651057,Assoc-acdm,12.084779169889075,Never-married,Protective-serv,Other-relative,White,Male,-0.0019990291595458985,0.0019596405029296874,40.00183216154684,United-States,<=50K
34.47395015491359,Self-emp-not-inc,145651.39047050328,Some-college,9.962515555130693,Married-civ-spouse,Prof-specialty,Husband,White,Male,-0.001999239683151245,0.0019058921337127687,52.08637392521176,United-States,<=50K
57.51779191136664,Private,159303.29017698986,Some-college,9.823141327001569,Married-civ-spouse,Adm-clerical,Unmarried,White,Female,-0.001998095870018005,0.0018234328031539917,40.001199563385136,United-States,>50K
57.20135572970333,Private,231639.52994382847,HS-grad,9.158374677593613,Married-civ-spouse,Craft-repair,Husband,White,Female,-0.001991835594177246,0.001886081337928772,40.0015894012462,United-States,<=50K
41.61212329029294,Private,207512.926094647,10th,5.923871234684754,Married-civ-spouse,Protective-serv,Husband,White,Male,-0.001993475914001465,0.0019371025562286378,40.001783052683955,United-States,<=50K
34.60323972187405,Private,226557.8520106555,Bachelors,13.191695373269358,Married-civ-spouse,Adm-clerical,Husband,White,Male,-0.001998652219772339,0.0018650416135787965,40.001877198339585,United-States,<=50K
58.81932203902378,Private,219130.48916672074,Masters,13.463950865387128,Married-civ-spouse,Other-service,Wife,Black,Male,-0.0019997127056121827,0.001948699712753296,53.03791495097741,United-States,>50K
76.0086266441288,Private,232607.15556023153,7th-8th,4.891090324692553,Married-civ-spouse,Craft-repair,Husband,White,Female,-0.001990285515785217,0.0018927081823348999,29.620971889351637,Mexico,<=50K
25.146917430774167,Private,105998.94008842114,HS-grad,9.218784454075365,Never-married,Craft-repair,Own-child,White,Male,-0.001996313214302063,0.001682555675506592,17.636624828396545,United-States,<=50K
57.35904232306368,Local-gov,145651.40836483616,Masters,13.846058924892619,Married-civ-spouse,Adm-clerical,Husband,White,Female,-0.001998230218887329,0.001914293646812439,40.00181422340978,United-States,<=50K
45.492879872413354,Private,116106.99242796213,HS-grad,8.958612958477248,Separated,Other-service,Unmarried,Black,Female,-0.0019594790935516357,0.001953197121620178,38.899364156596775,United-States,<=50K
44.395133660555516,Private,158429.04464970797,HS-grad,9.031744691992042,Divorced,Craft-repair,Unmarried,White,Female,-0.0019948941469192507,0.0018719120025634767,40.00169650960076,United-States,<=50K
35.49360597905769,Private,118382.4201396932,HS-grad,3.3924531132512143,Married-civ-spouse,Transport-moving,Husband,White,Male,-0.001992197871208191,0.0018482108116149904,40.001783475757726,United-States,<=50K
58.136687557038705,Private,302493.03576321277,Masters,14.043540639162053,Widowed,Prof-specialty,Not-in-family,White,Female,-0.001993394732475281,0.001753108501434326,40.001397994161735,United-States,<=50K
58.87582546919287,Private,109210.40916925043,Some-college,13.588464146488363,Married-civ-spouse,Craft-repair,Husband,White,Male,-0.0019993484020233154,0.0018845202922821045,40.00165138220895,United-States,>50K
53.41905062537454,Private,315297.63021863106,Bachelors,12.785305405883665,Divorced,Adm-clerical,Not-in-family,White,Female,-0.0019897290468215943,0.0019141271114349366,40.00180712521184,United-States,<=50K
35.42940814010201,Private,224935.90480559916,Some-college,9.90415459244789,Married-civ-spouse,Prof-specialty,Husband,White,Male,-0.0019986621141433714,0.0019066764116287232,40.00145009780038,United-States,<=50K
40.366465808670135,State-gov,277482.9334915718,Some-college,9.86719092176649,Married-civ-spouse,Tech-support,Husband,White,Male,-0.0019948812723159792,0.0016640440225601197,78.66844855701353,United-States,<=50K
45.14421358613828,Private,150517.11904893993,Some-college,9.832404579210209,Married-civ-spouse,Machine-op-inspct,Husband,White,Male,-0.0019979159832000733,0.0018338265419006348,51.23401606898313,United-States,<=50K
26.634163536558304,Private,298720.1830247763,Bachelors,13.06800213963423,Never-married,Handlers-cleaners,Not-in-family,White,Male,-0.001999533176422119,0.0019719815254211426,40.001875304103976,United-States,<=50K
32.47892267797364,Self-emp-not-inc,183784.68774902984,Some-college,9.871309383162949,Married-civ-spouse,Other-service,Husband,White,Male,-0.001998152852058411,0.001965770483016968,66.61324073869923,United-States,>50K
42.82981759144004,Private,156674.17873905489,Some-college,10.068714018884657,Separated,Craft-repair,Own-child,White,Female,-0.0019946264028549193,0.0018044137954711915,40.0014745147239,United-States,<=50K
29.216056019360444,State-gov,357972.5599152844,Some-college,9.90448346043201,Divorced,Exec-managerial,Not-in-family,White,Male,-0.0019959003925323487,0.0019940550327301027,53.602880598601004,United-States,<=50K
57.39420727698991,Private,96822.35264234379,Bachelors,13.00454909194074,Married-civ-spouse,Prof-specialty,Husband,White,Male,-0.0019990949630737304,0.00197910213470459,40.00178182947744,United-States,<=50K
52.322105849615824,Private,306005.70212715975,Some-college,9.852562966427483,Divorced,Adm-clerical,Not-in-family,White,Female,-0.0019466114044189454,0.0019631073474884035,40.001419555665144,United-States,<=50K
26.508241989901737,Private,250169.2122026479,Some-college,10.0390536343283,Divorced,Other-service,Not-in-family,Black,Female,-0.001997092127799988,0.0018928343057632447,40.00117625343908,United-States,<=50K
26.461857446511008,private,308418.8378436089,Some-college,9.835636309411832,Never-married,Prof-specialty,Own-child,White,Male,-0.001998477816581726,0.0019686086177825926,24.493921528005384,United-States,<=50K
70.47841908343774,Self-emp-not-inc,109698.215393988,HS-grad,9.074738903804823,Divorced,Other-service,Not-in-family,White,Male,-0.001997674107551575,0.0019561409950256347,40.00171826577294,United-States,<=50K
56.46956763237407,Self-emp-inc,136177.69670521162,HS-grad,9.093138325974365,Divorced,Craft-repair,Not-in-family,White,Male,-0.0019977704286575316,0.00195408833026886,51.58200695696094,United-States,<=50K
45.70068807473319,Private,156909.84262952732,Some-college,9.889850561479784,Divorced,Machine-op-inspct,Unmarried,White,Female,-199.19257161853147,0.0018741860389709473,40.0012782962333,United-States,<=50K
41.36120101757123,Private,158486.45414317655,Assoc-voc,10.520528957523473,Married-civ-spouse,Machine-op-inspct,Husband,White,Male,-0.001998627543449402,0.0018762449026107789,78.71125757995411,United-States,<=50K
58.50436939849858,private,132130.70488530584,Assoc-voc,5.614832495589127,Never-married,Handlers-cleaners,Not-in-family,White,Male,-0.0019998544454574584,0.0019948458671569824,27.526819445300816,United-States,<=50K
24.756224750320655,private,573072.4869811542,Some-college,9.998424274445233,Never-married,Prof-specialty,Own-child,White,Female,-0.001974990487098694,0.0019049185514450073,40.001324775458464,United-States,<=50K
45.321360152186934,State-gov,225487.93766150236,Bachelors,12.908754424594388,Married-civ-spouse,Prof-specialty,Husband,White,Female,-0.001998496651649475,2032.427893242188,40.00198759031404,United-States,>50K
54.29954674908295,Local-gov,198699.57241812587,Some-college,9.93558781163351,Never-married,Sales,Own-child,Black,Female,-0.0019934943914413452,0.0018373433351516724,40.000910319687016,United-States,<=50K
35.21440570935183,Private,118422.2350303556,Assoc-acdm,12.149716635606563,Never-married,Prof-specialty,Not-in-family,White,Male,-0.0019995851516723634,0.001941916584968567,40.00182618212808,United-States,<=50K
74.52155145930556,Private,216761.05557327886,Some-college,9.979311441806201,Married-civ-spouse,Craft-repair,Husband,White,Male,-0.001992982745170593,0.0019219082593917847,40.00152555406201,United-States,>50K
25.165676558908928,Private,234299.8309365473,Some-college,9.93436815162941,Never-married,Sales,Own-child,White,Female,-0.0019682257175445556,0.0018856347799301148,40.00159287929643,United-States,<=50K
54.916235941621636,Private,191213.4855087292,Masters,14.023800531970974,Married-civ-spouse,Prof-specialty,Not-in-family,White,Female,-195.683675401031,0.0018488746881484986,52.36645373801271,United-States,<=50K
43.06810983855163,Private,443667.08632820647,HS-grad,9.1832509196926,Married-civ-spouse,Craft-repair,Husband,White,Male,-0.0019985302686691283,0.0019038535356521607,40.001721141220216,United-States,>50K
45.46428530749364,Private,207818.86262916244,HS-grad,9.071336599329642,Married-civ-spouse,Sales,Husband,White,Male,-0.001999030113220215,0.0019817533493041994,78.74356553582764,United-States,>50K
24.038878371256878,Self-emp-inc,503086.3475639212,11th,6.713503039929343,Never-married,Exec-managerial,Husband,Asian-Pac-Islander,Male,-0.001980395793914795,0.0019662466049194336,40.00153903520215,United-States,<=50K
44.59946761272233,Private,126879.13030225266,10th,5.875669995754136,Separated,Craft-repair,Husband,White,Male,-0.001978845953941345,0.0018741436004638672,52.238352925435045,Mexico,<=50K
73.79252548202909,Private,176556.62050606633,HS-grad,9.128401746823762,Married-civ-spouse,Prof-specialty,Husband,White,Male,-0.001998409628868103,0.001986446261405945,24.818875343531012,United-States,>50K
34.03800581969247,Private,177514.3720911398,9th,13.535639204323125,Married-civ-spouse,Exec-managerial,Husband,White,Male,-0.0019989246129989624,0.0018720794916152954,40.001897721530085,United-States,<=50K
57.143487567411,Private,218749.56955642492,HS-grad,9.253640144539295,Married-civ-spouse,Other-service,Husband,White,Male,-0.001996523141860962,0.0019619176387786867,77.68783536049848,United-States,<=50K
34.6918235834777,Private,130177.74962137605,Masters,13.397124479712318,Never-married,Prof-specialty,Not-in-family,Black,Female,-0.001994787096977234,0.0019867522716522216,25.8971344938319,United-States,<=50K
57.671621297767906,Private,261820.0741637808,Some-college,10.01668229358271,Never-married,Prof-specialty,Not-in-family,White,Female,-194.34566337533124,0.001533429503440857,40.00152685034383,United-States,<=50K
42.384404140626444,Private,310272.9008488069,Bachelors,13.0485248296858,Never-married,Transport-moving,Not-in-family,White,Female,-0.0019966011047363283,0.0017197244167327882,53.2070327473999,United-States,<=50K
33.49514901763447,Private,116504.07438498805,HS-grad,9.095201107442406,Married-civ-spouse,Other-service,Husband,White,Male,-0.0019987783432006837,0.0019130499362945558,65.80993527895467,United-States,<=50K
56.63621079104621,Private,237656.22177148197,10th,15.360715508702707,Separated,Prof-specialty,Unmarried,White,Female,-0.0019966541528701784,0.001968549013137817,40.001768619300016,United-States,<=50K
25.608390021321366,Private,100852.6384359573,Some-college,9.898440795677736,Never-married,Exec-managerial,Own-child,White,Male,-0.0019985177516937255,0.0018978328704833984,38.36893389334202,United-States,<=50K
58.67318883658602,Private,307624.1822478421,Masters,13.957504737924205,Married-civ-spouse,Prof-specialty,Husband,White,Female,-0.0019980467557907107,0.0018779393434524537,40.00174571538079,United-States,>50K
57.19054599520717,State-gov,210589.43326321198,Masters,14.007555431575776,Married-civ-spouse,Adm-clerical,Wife,White,Female,-0.001997446179389954,0.0017296998500823974,40.001745095969326,United-States,<=50K
39.802650249130394,Private,197952.33773711522,HS-grad,9.039564271818234,Divorced,Machine-op-inspct,Own-child,White,Male,-0.0019987136125564574,0.001979708433151245,79.85251093171115,United-States,<=50K
33.911866202901116,Self-emp-not-inc,231692.61264071777,HS-grad,9.026880411994995,Married-civ-spouse,Adm-clerical,Husband,Black,Male,-0.001997698664665222,0.0018946728706359863,71.81013622832354,United-States,<=50K
35.89577768066997,State-gov,203976.02776470126,11th,15.96963110515073,Never-married,Prof-specialty,Not-in-family,White,Female,-0.0019951263666152953,0.001991987705230713,40.00160658216584,United-States,<=50K
25.381629170420695,Private,217741.23716194212,HS-grad,9.051522009023708,Married-civ-spouse,Prof-specialty,Husband,White,Male,-0.0019974617958068847,0.0018134806156158447,40.00081682551015,United-States,<=50K
43.57825211219884,Private,218305.95827427332,Bachelors,12.895692254700181,Married-civ-spouse,Exec-managerial,Husband,White,Male,-0.0019994630813598632,2032.003732387653,53.71274863450483,United-States,>50K
58.28870400587967,Private,192834.49110773005,Masters,10.378995351293414,Married-civ-spouse,Sales,Other-relative,White,Male,-0.001998989462852478,0.0019423385858535766,22.417181923504863,United-States,<=50K
76.9276592150367,Self-emp-inc,227428.97265208946,Assoc-acdm,12.162027599911644,Married-civ-spouse,Machine-op-inspct,Wife,White,Male,-0.0019991236925125124,0.001981923818588257,29.528901464456037,United-States,<=50K
26.03039455705956,Private,122256.29045118953,HS-grad,8.995731921389757,Married-civ-spouse,Exec-managerial,Husband,White,Male,-0.001997515916824341,0.0019412657022476196,40.001612796546105,United-States,<=50K
44.59609524399698,Federal-gov,207756.28854323362,HS-grad,8.98489716908544,Married-civ-spouse,Sales,Husband,White,Male,-0.001998964071273804,0.001981381893157959,79.22653283689985,United-States,<=50K
24.94035974894536,Private,179373.99415713246,HS-grad,9.11727963719235,Never-married,Sales,Own-child,White,Male,-0.0019971610307693483,0.001876602292060852,38.93513318339869,United-States,<=50K
26.178749575543925,Private,260580.9207607959,Some-college,9.959592349552445,Married-civ-spouse,Machine-op-inspct,Own-child,White,Male,-0.0019993277788162233,0.0019068248271942138,40.00141308415044,United-States,<=50K
76.60258604938178,Self-emp-not-inc,105258.8271252351,HS-grad,9.059696901241237,Divorced,Exec-managerial,Not-in-family,White,Male,-0.001997938513755798,0.0019890356063842775,75.19275401880697,United-States,<=50K
24.007610324323014,Local-gov,186454.53960618182,HS-grad,9.127227717154373,Married-civ-spouse,Craft-repair,Husband,Black,Male,-0.0019868515729904177,0.001906842827796936,34.88541665749014,United-States,>50K
44.04682349193131,Self-emp-inc,202136.19567432025,Masters,13.431078542294081,Married-civ-spouse,Transport-moving,Husband,White,Male,-0.0019983686208724974,0.0019900532960891726,74.16343026508687,United-States,>50K
26.210588765678406,Private,196526.18212408107,11th,6.277097668587768,Separated,Protective-serv,Husband,White,Male,-0.001889037847518921,0.0016370664834976197,52.66659737470548,Haiti,<=50K
34.61235785574204,Private,213073.21917059508,Bachelors,12.99226493674742,Married-civ-spouse,Tech-support,Husband,White,Male,-0.0019980218410491943,0.0019334498643875121,40.00151739382852,United-States,>50K
43.13544411532702,State-gov,274615.14192128245,Some-college,9.839991044132125,Never-married,Prof-specialty,Own-child,Black,Female,-0.0019606558084487914,0.0018132191896438599,36.755320647478,United-States,<=50K
55.148648376384784,Private,224367.5017839309,5th-6th,3.3970446765878837,Married-civ-spouse,Prof-specialty,Husband,White,Male,-0.001998533010482788,0.0019164937734603882,40.001934718848354,Mexico,<=50K
34.66317839677549,Private,116439.17387641672,HS-grad,9.207551721289429,Never-married,Other-service,Own-child,White,Female,-0.0019842053651809694,0.0018726644515991212,40.00159653985608,United-States,<=50K
30.420106188286997,Private,267704.44073383784,Assoc-voc,10.349899048699319,Married-civ-spouse,Craft-repair,Husband,White,Male,-0.0019998005628585817,0.0019422032833099365,40.00093204879869,United-States,<=50K
53.25403716178739,Private,215025.16760502552,Bachelors,13.071415304241157,Married-civ-spouse,Prof-specialty,Husband,White,Male,-0.0019990024566650393,0.0019670966863632204,52.45360589716833,United-States,>50K
58.64053521606944,Private,260443.9313048085,Assoc-acdm,12.120326624330582,Separated,Craft-repair,Not-in-family,White,Male,-0.0019988739490509034,0.0018251014947891235,40.00181480658162,United-States,<=50K
75.85919761497405,State-gov,214109.86037698673,Assoc-acdm,12.129722491224271,Married-civ-spouse,Prof-specialty,Husband,White,Male,-0.0019993853569030763,0.0019986722469329836,40.00187382423986,United-States,<=50K
44.30468164661712,Local-gov,229074.841244156,9th,6.968913122852257,Married-civ-spouse,Craft-repair,Husband,White,Female,-0.0019647283554077148,0.0018255341053009034,40.00125656831373,United-States,<=50K
56.512210010807856,Private,160210.65967202358,Masters,13.714254838330342,Divorced,Sales,Not-in-family,White,Female,-0.0019990971088409424,0.0016604486703872682,22.879959277825144,United-States,<=50K
33.77595743408882,Private,143493.7320738433,HS-grad,9.124702707850382,Never-married,Craft-repair,Own-child,White,Male,-0.001998465418815613,0.0018502925634384156,40.001218312860615,United-States,<=50K
42.38207582286179,Private,226127.53161280745,HS-grad,9.215954235507658,Married-civ-spouse,Prof-specialty,Husband,White,Male,-0.0019994540214538573,0.0018214244842529297,40.001358506442195,United-States,<=50K
33.40519949220581,Private,210402.6921130033,HS-grad,9.232966032528742,Divorced,Other-service,Not-in-family,White,Female,-0.0019935413599014283,0.0018879903554916383,40.001216390491614,United-States,<=50K
74.00988680661922,Private,230550.70263324038,Some-college,9.883927092733117,Married-civ-spouse,Sales,Husband,White,Male,-193.11050512827205,0.0017111320495605468,40.0472354190718,United-States,>50K
56.65365308594415,Private,290571.12992081983,HS-grad,3.395400669967069,Divorced,Other-service,Not-in-family,Black,Male,-0.0019937374591827393,0.001793859362602234,39.26739201032362,United-States,<=50K
34.854900527008745,State-gov,153043.29952261638,Some-college,10.059170530506059,Widowed,Adm-clerical,Not-in-family,Black,Female,-0.001995272994041443,0.0019225165843963624,40.00130896937955,United-States,<=50K
34.875734659793665,Self-emp-not-inc,311098.3542390364,HS-grad,9.255489428615832,Never-married,Sales,Not-in-family,White,Female,-0.001997309684753418,0.0018923194408416747,40.001070249916204,United-States,<=50K
52.998536803752835,Private,108349.84385945679,HS-grad,8.918893811951806,Married-civ-spouse,Exec-managerial,Husband,White,Male,-0.0019986196756362914,0.0019646259546279906,73.84498295275867,United-States,>50K
24.23487529818611,private,203241.15909994923,HS-grad,9.131459293129478,Never-married,Prof-specialty,Own-child,Black,Female,-0.001989894390106201,0.0019155094623565674,17.80968252703459,United-States,<=50K
77.0631840832614,Self-emp-not-inc,222379.82927507447,Assoc-acdm,12.183103604195727,Married-civ-spouse,Sales,Wife,White,Male,14284.63014095783,0.0019562504291534425,40.00154405272115,United-States,>50K
45.21376541967666,Private,102418.1543448239,HS-grad,9.231112805332138,Married-civ-spouse,Handlers-cleaners,Husband,White,Male,-0.0019956560134887697,0.0018283517360687257,40.00181958329786,United-States,<=50K
35.40724364900574,Private,146324.87500359907,HS-grad,9.195239064042871,Divorced,Other-service,Not-in-family,White,Male,-0.001997462272644043,0.0018316824436187744,40.00152874171842,United-States,<=50K
31.60261092502091,Private,380097.75205734506,Some-college,9.834748695428923,Never-married,Prof-specialty,Not-in-family,White,Female,-0.001997989296913147,0.0018778946399688721,40.001807171584254,United-States,<=50K
75.20009333389142,Private,791943.020375526,9th,6.915522376135158,Married-civ-spouse,Other-service,Husband,White,Male,-0.0019960936307907105,0.0019270780086517334,52.35851526904543,United-States,<=50K
73.64677223308367,Private,123424.48842151533,HS-grad,9.097407881454199,Never-married,Machine-op-inspct,Not-in-family,White,Male,-0.001999480724334717,0.0019229736328125,40.00170132958997,United-States,<=50K
26.24308900421108,Private,101322.35013496375,HS-grad,9.183223219764566,Never-married,Adm-clerical,Not-in-family,White,Male,-0.001999653220176697,0.0019837594032287597,25.26251742179972,United-States,<=50K
25.686991356676405,Private,127452.20078638123,Some-college,10.002797174982351,Married-civ-spouse,Adm-clerical,Husband,White,Male,-0.001999044418334961,0.0017948769330978394,40.00144479477513,United-States,<=50K
45.05705355741349,Private,199836.8065477276,HS-grad,9.09553998035804,Married-civ-spouse,Farming-fishing,Husband,Black,Male,-0.0019972482919692995,0.0019346376657485961,40.00111120069135,United-States,<=50K
45.59391259975834,Private,235132.8314540841,Prof-school,12.176380770022565,Married-civ-spouse,Handlers-cleaners,Wife,White,Male,14284.097384731105,0.0019447033405303956,52.098736182059,United-States,>50K
74.48512491031872,Private,303514.52623848856,7th-8th,12.159747664285753,Married-civ-spouse,Craft-repair,Husband,White,Male,-0.001999261260032654,0.0018132234811782837,40.00185489618886,Mexico,<=50K
77.13553183203578,Self-emp-not-inc,200222.7327463186,Bachelors,13.101054764109977,Married-civ-spouse,Sales,Husband,Black,Male,14288.258834197064,0.0019700006246566775,39.35790000340577,United-States,>50K
58.82796303753415,State-gov,196807.82981556465,HS-grad,9.005985916845955,Married-civ-spouse,Adm-clerical,Husband,White,Female,-0.0019995909929275513,0.0018765635490417482,40.0016712323438,United-States,<=50K
26.76464017091619,Private,124662.05824684133,Some-college,10.049249365771562,Married-civ-spouse,Other-service,Husband,White,Male,-0.0019929903745651246,0.0016953291893005372,40.00136084222902,United-States,<=50K
55.488985914468955,Private,206514.37537946086,Bachelors,13.06213601440901,Divorced,Other-service,Not-in-family,White,Female,-0.001994201183319092,0.0019268221855163574,40.00170900118459,United-States,<=50K
44.56304266559734,Private,317807.81523695245,HS-grad,9.125167799843195,Married-civ-spouse,Handlers-cleaners,Husband,White,Male,-0.0019857196807861327,0.0018637549877166747,40.001529641271716,United-States,<=50K
34.092641296064365,Private,234672.434780863,HS-grad,9.181324107205587,Married-civ-spouse,Sales,Wife,White,Male,-199.5522555426569,0.001987017035484314,52.864239480668864,United-States,>50K
44.48234322795615,Self-emp-not-inc,123831.66278228669,Some-college,9.75175394348749,Widowed,Craft-repair,Husband,Asian-Pac-Islander,Male,-197.89594454518465,0.0018277410268783569,40.00158381664861,United-States,<=50K
63.06121232162925,private,171723.45827640127,HS-grad,9.149755605651887,Married-civ-spouse,Exec-managerial,Husband,White,Male,-0.0019996713399887084,0.0019729259014129637,23.50285372422219,United-States,<=50K
44.22518375553814,Private,191720.12468499638,Some-college,9.94049179747641,Divorced,Other-service,Unmarried,White,Female,-0.0019903823137283326,0.0018964555263519289,40.00098517876972,United-States,<=50K
75.79512554750043,Private,205054.97602014698,Assoc-voc,14.001786406596702,Never-married,Prof-specialty,Not-in-family,White,Female,-0.0019970794916152955,0.0019490429162979126,27.60804093238545,United-States,<=50K
42.84366739010631,Private,257532.03914768365,HS-grad,9.20382686566924,Never-married,Adm-clerical,Not-in-family,White,Male,-0.001997612953186035,0.0018557785749435424,40.00129875898469,United-States,<=50K
75.7875321346717,private,156330.46886664105,Masters,13.631817430328134,Married-civ-spouse,Prof-specialty,Wife,White,Male,-201.29529235939845,0.0019643062353134158,40.00176537966836,United-States,>50K
26.474997336333114,Private,300844.4540716702,HS-grad,9.047385891865755,Married-civ-spouse,Sales,Husband,White,Male,-0.001997079849243164,0.001877528190612793,50.36986150288376,United-States,<=50K
43.780582084723974,Private,116429.89790160905,11th,7.0631046059957825,Married-civ-spouse,Craft-repair,Husband,White,Male,-0.001969454050064087,0.0018526411056518555,40.00118164420236,United-States,<=50K
44.981603817373724,Self-emp-not-inc,146282.2104404252,HS-grad,9.184199759932874,Never-married,Machine-op-inspct,Own-child,White,Male,-0.0019992452859878542,0.0019254194498062134,40.001430312396174,United-States,<=50K
45.7764747712379,Self-emp-not-inc,235394.18087493107,Assoc-voc,16.158651066532002,Married-civ-spouse,Adm-clerical,Husband,White,Male,-0.001999853849411011,0.0019733569622039796,40.000746206761484,United-States,>50K
43.2185849684645,Private,109334.38781783161,HS-grad,9.231916829093125,Never-married,Exec-managerial,Not-in-family,White,Female,-0.001995738983154297,0.001833763599395752,40.001397492171414,United-States,<=50K
43.98452767236601,Local-gov,145719.1339412112,Bachelors,12.951179306399567,Married-civ-spouse,Prof-specialty,Husband,White,Male,-0.0019976879358291626,0.001799443006515503,40.00152447676766,United-States,<=50K
58.50168770930571,Self-emp-not-inc,145052.1495245348,HS-grad,9.008936469237007,Divorced,Handlers-cleaners,Unmarried,Black,Female,-0.0019853419065475465,0.0019382699728012086,40.00157198166955,United-States,<=50K
74.25003778029519,Private,214401.75274235423,HS-grad,9.091066638155525,Married-civ-spouse,Adm-clerical,Husband,White,Male,-0.001997708439826965,0.0019481152296066285,77.13078973755728,United-States,<=50K
56.49585334114106,Self-emp-not-inc,158379.36550804437,Assoc-voc,10.658840975806012,Married-civ-spouse,Prof-specialty,Husband,White,Male,-0.0019962749481201173,0.0017605870962142944,40.001546290160306,United-States,<=50K
42.934068930676865,Private,406735.9052823369,Some-college,10.237190787976939,Divorced,Sales,Not-in-family,White,Female,-0.001995924949645996,0.0017881957292556763,40.00075320887674,United-States,<=50K
23.67880609338667,private,249235.7746928928,Some-college,9.689033008208483,Divorced,Sales,Own-child,White,Male,-0.0019977107048034667,0.0018886299133300782,40.00119100213159,United-States,<=50K
45.51431796805766,State-gov,220628.06720668531,10th,5.8316531638638365,Married-civ-spouse,Craft-repair,Husband,White,Male,-0.0019958778619766234,0.001971798896789551,27.32371503161815,United-States,<=50K
76.42531670232825,Self-emp-not-inc,206611.29374245435,Masters,13.7802310216639,Married-civ-spouse,Machine-op-inspct,Wife,Black,Female,-0.001998442053794861,0.0019382776021957399,41.150328516193,United-States,>50K
44.3120680501238,Private,54750.83002811211,Some-college,10.136136624597338,Married-civ-spouse,Prof-specialty,Husband,White,Male,-0.0019987344741821287,0.0019089342355728149,29.108081567619486,United-States,>50K
44.2300735967207,Private,133964.4316691209,HS-grad,9.180354590106852,Married-civ-spouse,Prof-specialty,Husband,White,Male,-0.0019979751110076904,0.0017894645929336548,40.0010266715299,United-States,<=50K
43.566393674832284,Private,409321.9511059009,HS-grad,9.004820165766954,Married-civ-spouse,Other-service,Husband,White,Male,-0.0019970442056655886,0.0019459939002990723,74.43798573416322,United-States,<=50K
26.009388452841314,Private,104833.02476393359,HS-grad,9.076496201363968,Never-married,Priv-house-serv,Own-child,White,Female,-0.001992418169975281,0.0019380345344543457,26.817847737234388,United-States,<=50K
35.33054145065233,Private,320149.67161895346,HS-grad,9.147452941237663,Married-civ-spouse,Craft-repair,Husband,White,Male,-0.001996377229690552,0.0015471386909484863,51.70727223041999,United-States,<=50K
33.760062193489226,Private,149831.69452222864,HS-grad,9.039616846752464,Never-married,Adm-clerical,Not-in-family,White,Female,-0.0019900573492050173,0.0018571567535400392,40.0016037660848,United-States,<=50K
35.698651479011005,Private,140693.0631929856,HS-grad,9.17936239516335,Divorced,Other-service,Not-in-family,White,Male,-0.001998300790786743,0.0016681432723999023,40.00113107466806,United-States,<=50K
23.796329840733414,Private,129896.67148672603,Some-college,9.964831991038885,Never-married,Sales,Not-in-family,Black,Female,-0.001997230887413025,0.001989098310470581,25.08155897070917,United-States,<=50K
35.17167323472745,Private,441629.55776905,Masters,13.820520274316445,Never-married,Sales,Own-child,White,Female,-0.0019919954538345336,0.0017340874671936035,39.43465484142097,United-States,<=50K
44.422918782205784,Self-emp-not-inc,222180.16469658393,HS-grad,9.097091215563022,Married-civ-spouse,Exec-managerial,Not-in-family,White,Male,-0.0019976446628570555,0.0019163156747817993,40.0012725766908,United-States,<=50K
56.03809037887982,Private,209115.27687006813,HS-grad,9.1672732206223,Divorced,Other-service,Not-in-family,White,Female,-0.0019988646507263183,0.001987532138824463,28.1631912520739,United-States,<=50K
22.846054705555083,Private,201822.5407260698,HS-grad,9.011998488335633,Married-civ-spouse,Transport-moving,Husband,White,Male,-0.0019994478225708007,0.001908095121383667,76.46162314199238,United-States,<=50K
74.69802090539189,Private,176325.1266860269,Assoc-acdm,12.099380046903669,Married-civ-spouse,Craft-repair,Husband,White,Male,-0.001998339533805847,0.001871923565864563,40.00140513706315,United-States,<=50K
35.605737066380435,Federal-gov,155046.7607407705,Bachelors,12.901035739860987,Never-married,Exec-managerial,Unmarried,White,Female,-0.0019981799125671387,0.001989544153213501,40.00183212113488,United-States,<=50K
35.9966300142834,Private,322529.68864325265,HS-grad,9.429015838678971,Never-married,Sales,Not-in-family,White,Female,-190.85806823624716,0.001799391269683838,40.11947905068075,United-States,<=50K
58.653982636419634,Self-emp-inc,155968.12204653065,HS-grad,9.132307711321868,Married-civ-spouse,Exec-managerial,Husband,White,Male,-0.0019961576461791993,0.0019489320516586305,52.41154696108957,United-States,>50K
45.4475762860084,Private,230029.58752699982,HS-grad,9.236278645735528,Married-civ-spouse,Prof-specialty,Husband,White,Male,-200.85953315521328,0.0019987303018569945,52.796026294840956,United-States,>50K
76.91275941266746,Private,226956.2515039018,Some-college,10.2090374599868,Widowed,Prof-specialty,Unmarried,White,Female,-0.001994638204574585,0.0019679697751998904,40.001384767891054,United-States,<=50K
42.60901202955524,Private,131202.65164719895,HS-grad,9.121672586827524,Divorced,Craft-repair,Own-child,White,Male,-0.0019979459047317506,0.001821394681930542,52.403460385063745,United-States,<=50K
56.67840999299593,Private,211651.4289350983,Some-college,9.988590721522778,Separated,Other-service,Unmarried,White,Female,-0.0019899479150772095,0.001916408896446228,40.0016749576341,United-States,<=50K
77.01407769235432,Private,204034.44041118477,9th,13.318143735541526,Never-married,Sales,Not-in-family,White,Male,-0.001991531729698181,0.0019914510250091553,39.85641792310814,United-States,<=50K
43.39013693556482,Private,131430.47334628584,Some-college,9.98348530305873,Divorced,Transport-moving,Not-in-family,White,Male,-0.0019938679933547976,0.0018283276557922363,40.00113792038072,United-States,<=50K
45.66026217851484,Private,210712.46535604302,Assoc-acdm,12.150646499799961,Never-married,Sales,Not-in-family,White,Male,-0.001996480941772461,0.0017968642711639405,40.00178595280755,Japan,<=50K
32.32634427509735,Private,184465.77391566095,HS-grad,9.142629504902207,Never-married,Exec-managerial,Not-in-family,White,Male,-0.0019973822832107546,0.0019623303413391115,75.19527950907978,United-States,<=50K
56.46265722231846,Self-emp-not-inc,227804.73317984113,Prof-school,15.916022039574774,Married-civ-spouse,Prof-specialty,Husband,White,Male,-0.0019993662834167482,0.0019398075342178345,40.00156438005079,United-States,>50K
76.32196290994483,Private,152620.08789072934,Assoc-voc,10.558781930379315,Married-civ-spouse,Prof-specialty,Husband,White,Male,-200.77250303482379,1978.138136202099,40.001444486023075,United-States,<=50K
57.31425321031353,Private,142199.1441935805,Bachelors,12.975558611258144,Divorced,Sales,Not-in-family,White,Male,-0.0019988155364990233,0.0019826805591583252,76.46299384202388,United-States,<=50K
37.98004718055756,Self-emp-not-inc,127402.69164088002,HS-grad,9.306360601479664,Divorced,Craft-repair,Own-child,Asian-Pac-Islander,Female,-0.0019829509258270264,0.0018804497718811035,40.00105500114072,United-States,<=50K
24.59065566538791,Private,96250.41732995742,HS-grad,9.116818978757424,Never-married,Craft-repair,Own-child,White,Male,-0.001996898412704468,0.0017433205842971801,28.5235128665199,United-States,<=50K
58.962516447046,Private,196558.21694004958,10th,1.919252952738177,Married-civ-spouse,Craft-repair,Husband,White,Male,-0.001999920964241028,0.0019466859102249146,40.00180358147729,El-Salvador,<=50K
45.66965583308518,Private,91754.45165421494,7th-8th,13.117705831150706,Married-civ-spouse,Transport-moving,Husband,White,Male,-0.0019991521835327148,0.0017929692268371582,40.00179679453481,United-States,<=50K
45.43702501539972,Private,274264.04376901564,Some-college,9.933597536492677,Divorced,Machine-op-inspct,Not-in-family,White,Male,-0.0019956339597702027,0.0018859872817993165,73.17023541625412,United-States,<=50K
35.4198287067204,Self-emp-inc,817491.3040747156,HS-grad,9.236231877585077,Married-civ-spouse,Sales,Wife,Asian-Pac-Islander,Female,-199.14662214937562,0.001978580951690674,40.001287444711814,United-States,>50K
45.36325678626264,Private,213704.1999527524,HS-grad,9.259449007776345,Never-married,Machine-op-inspct,Own-child,White,Male,-0.0019997167587280274,0.001963734269142151,40.001085020424014,United-States,<=50K
24.38480856154797,private,202167.36965718213,Assoc-voc,10.665679483818444,Never-married,Prof-specialty,Own-child,Black,Male,-0.001997799038887024,0.0019297332763671875,21.037812826463146,United-States,<=50K
25.890670437542735,Private,736145.5153194092,HS-grad,9.18862201813213,Never-married,Craft-repair,Own-child,White,Male,-0.001996764659881592,0.0019078209400177001,40.00142461538423,United-States,<=50K
55.75204667473573,Private,88697.87577901255,HS-grad,9.123929581672014,Divorced,Other-service,Not-in-family,White,Male,-0.001998653292655945,0.001965044975280762,51.80674537068522,United-States,<=50K
42.43996036354702,Self-emp-not-inc,234902.14623824487,Some-college,9.951401410209467,Married-civ-spouse,Prof-specialty,Husband,White,Male,-0.0019979050159454345,0.0015638186931610108,40.00135969388593,United-States,>50K
26.480865693775062,Private,128583.51629984567,Some-college,9.978109005978316,Married-civ-spouse,Exec-managerial,Husband,White,Male,-0.0019987344741821287,0.001862621307373047,35.99755973704198,United-States,>50K
24.308525962970485,Self-emp-not-inc,190470.48024652788,HS-grad,9.258020538966294,Never-married,Other-service,Unmarried,White,Male,-0.0019992812871932985,0.0019918441772460937,77.6762302092772,United-States,<=50K
44.31993021185697,Private,198036.3712547091,Assoc-voc,10.634955163074377,Widowed,Prof-specialty,Other-relative,White,Female,-0.0019970349073410035,0.0019632480144500734,40.00102788233865,United-States,<=50K
25.82991773586698,Private,112589.11868519471,HS-grad,12.885779884508597,Divorced,Farming-fishing,Own-child,White,Male,-0.001998964071273804,0.0018510478734970093,40.00167428755868,United-States,<=50K
57.98998293981513,Self-emp-not-inc,204407.08307459267,Bachelors,12.929408759480573,Married-civ-spouse,Machine-op-inspct,Husband,White,Female,-0.001995683550834656,0.0018880536556243896,40.00161053586114,United-States,<=50K
56.342824815506724,Private,231037.80233555567,Bachelors,13.431609942409933,Married-civ-spouse,Prof-specialty,Wife,White,Female,-0.0019997724294662476,0.0019859585762023926,28.161763588114148,United-States,>50K
43.39743454333178,Private,139991.3771912678,Bachelors,12.918369064849252,Married-civ-spouse,Craft-repair,Husband,White,Male,-0.001999367952346802,0.001744780421257019,52.79617578931926,United-States,>50K
40.251086260189446,Private,204961.51174375712,11th,7.2056295627865055,Widowed,Craft-repair,Not-in-family,White,Female,-0.0018592016696929931,0.0015884040594100952,26.82567617638137,United-States,<=50K
44.620070093721274,Private,225197.24320276547,HS-grad,9.12091994133249,Married-civ-spouse,Machine-op-inspct,Husband,White,Male,-192.09109637546408,0.001801206350326538,40.001340213419084,United-States,<=50K
58.13434469355492,Private,282004.9554807932,Assoc-acdm,12.13330529635601,Never-married,Prof-specialty,Not-in-family,White,Male,-0.0019991806745529176,0.0016707249879837037,40.001825991989264,Japan,<=50K
42.66040934043495,Private,110633.80940476418,Some-college,9.847838127711224,Married-civ-spouse,Protective-serv,Husband,White,Male,-0.001997393727302551,0.0019465575218200683,40.00152151811231,United-States,<=50K
30.737206538931904,Private,310138.80192259635,Some-college,10.000356677923387,Divorced,Adm-clerical,Other-relative,White,Female,-0.0019669430255889893,0.001772149682044983,40.00099553847421,United-States,<=50K
44.949724277430384,Private,215684.86140071554,Some-college,10.076527203401685,Divorced,Other-service,Unmarried,Black,Female,-0.0019910608530044555,0.001951448678970337,40.000886750997196,United-States,<=50K
43.72582221938488,Private,129919.89639455434,Some-college,9.959876371902366,Never-married,Sales,Not-in-family,White,Female,-0.0019945272207260133,0.001850387215614319,40.00115839684118,United-States,<=50K
44.118941989693596,Private,139005.64549654792,Some-college,9.865385757476178,Divorced,Sales,Not-in-family,White,Female,-199.96580076506507,0.001977680802345276,26.262697417545937,United-States,<=50K
58.53037914346911,Self-emp-not-inc,313568.1707022496,HS-grad,9.135145580719556,Married-civ-spouse,Machine-op-inspct,Husband,White,Male,-0.001998369336128235,0.001935889720916748,72.04758792709636,United-States,<=50K
42.85316479548832,Private,219256.0746112442,HS-grad,8.937177961616296,Never-married,Sales,Unmarried,Black,Female,-0.0019789515733718874,0.001936439037322998,36.461457364031865,United-States,<=50K
33.76456655627568,Private,296275.0113879177,HS-grad,9.15384424842893,Married-civ-spouse,Machine-op-inspct,Husband,Black,Male,-0.001998382925987244,0.0017308870553970337,40.00137765085805,United-States,<=50K
35.85691329364086,Private,132097.1625064697,Assoc-voc,10.627176976200134,Divorced,Craft-repair,Other-relative,White,Male,-0.0019981918334960936,0.001860709309577942,40.001568242074136,United-States,<=50K
35.73931877507273,Federal-gov,135104.6406660277,Some-college,10.154129611137257,Divorced,Exec-managerial,Not-in-family,White,Female,-199.56777489978958,0.001801895260810852,40.00132999277223,United-States,<=50K
25.86355437609705,Private,79233.3328679979,Some-college,9.97512545693078,Never-married,Prof-specialty,Own-child,White,Male,-0.0019992486238479615,2154.634827807612,28.053113127644764,United-States,<=50K
55.39937625801233,Private,191985.40955983536,Masters,5.15556146464853,Never-married,Protective-serv,Not-in-family,White,Female,-0.001997444987297058,0.0018525381088256836,40.00154604935754,United-States,<=50K
35.06887327827268,Federal-gov,434959.09544611565,Some-college,10.05148921490989,Married-civ-spouse,Adm-clerical,Husband,White,Male,-0.0019977502822875978,0.0019032602310180664,40.001744839311726,United-States,>50K
35.140358408030956,Private,275752.2076030243,HS-grad,9.013087848819898,Married-civ-spouse,Machine-op-inspct,Husband,White,Male,-0.001998722553253174,0.0019143126010894775,73.05981882242853,United-States,>50K
34.43948227426657,Private,288958.8168913552,Some-college,10.106816682357636,Never-married,Other-service,Not-in-family,White,Female,-0.0019944571256637574,0.001784600853919983,40.00120913660634,United-States,<=50K
25.418973174070914,Private,128838.19971808745,7th-8th,4.9342838638367095,Divorced,Handlers-cleaners,Not-in-family,White,Male,-0.001999222993850708,0.0019541659355163574,30.38948519777373,Mexico,<=50K
35.19042977382404,Private,131155.54034230392,HS-grad,9.05412070170567,Never-married,Other-service,Not-in-family,White,Male,-0.0019997453689575197,0.001992650389671326,74.11008255443402,United-States,<=50K
45.345814966251716,Private,222981.5458596666,HS-grad,9.084131337335073,Married-civ-spouse,Adm-clerical,Husband,White,Male,-0.0019979008436203003,0.0018864498138427734,51.76986983480077,United-States,<=50K
33.24748355513328,Private,283405.0617260791,HS-grad,9.111998092698629,Divorced,Machine-op-inspct,Own-child,White,Male,-0.0019991095066070556,0.001908706784248352,40.001830013753064,United-States,<=50K
41.86395595301977,Private,205188.4231862539,HS-grad,9.191960977658567,Divorced,Sales,Not-in-family,White,Male,-0.0019944182634353638,0.001971643328666687,73.34559996491315,United-States,<=50K
58.211165093886606,Private,96775.96717632629,Masters,10.480497696369817,Divorced,Machine-op-inspct,Husband,White,Male,-201.0609804968126,0.0016323467493057251,74.98299275062259,United-States,<=50K
44.80321878442898,Private,197070.22648607334,Bachelors,12.899896408517169,Married-spouse-absent,Other-service,Unmarried,Black,Female,-0.0019486180543899537,0.001971542239189148,40.00165718591321,United-States,<=50K
57.82558017970919,Private,232624.5693010981,HS-grad,9.01141890853828,Married-civ-spouse,Other-service,Husband,White,Male,-0.001998617887496948,0.0019340528249740601,51.20869114939087,United-States,<=50K
26.561332807175848,Self-emp-not-inc,179074.91435198125,Some-college,9.95343978749162,Never-married,Sales,Not-in-family,White,Male,-0.0019989551305770875,0.001934071660041809,39.53589507418914,United-States,<=50K
42.70455484345556,Local-gov,216182.46667069013,Some-college,10.081214494198498,Never-married,Other-service,Not-in-family,Black,Male,-0.0019965295791625976,0.0018548986911773682,40.001314496279846,United-States,<=50K
34.10366709158791,Private,73248.38534512502,Masters,7.4016292625014515,Married-civ-spouse,Exec-managerial,Husband,White,Male,-0.0019935327768325806,0.0016990008354187012,40.00169465434659,United-States,<=50K
25.437152658877288,Private,138313.19297059724,HS-grad,9.102136329792808,Never-married,Machine-op-inspct,Own-child,White,Male,-0.0019976933002471926,0.0018162416219711303,40.001178775669224,United-States,<=50K
58.147923495302514,State-gov,211363.9460419907,Assoc-voc,10.605699958626824,Married-civ-spouse,Prof-specialty,Husband,White,Male,-0.001999220371246338,0.001917101263999939,40.00182538867105,United-States,<=50K
34.538200758153415,Private,137782.07574991047,Some-college,9.883218939757052,Married-civ-spouse,Tech-support,Husband,White,Male,-0.001993305206298828,0.001433233380317688,40.001184809447416,United-States,<=50K
58.54340287452817,State-gov,72977.84539986562,Some-college,9.720465815426335,Divorced,Other-service,Not-in-family,White,Male,-0.0019984761476516725,0.001993589639663696,80.02708217545937,United-States,<=50K
58.34374149624619,Private,219410.52740082942,HS-grad,8.995140178734482,Married-civ-spouse,Craft-repair,Husband,White,Male,-0.0019995335340499878,0.0019361202716827394,40.00122617876638,United-States,<=50K
33.07957130812182,Private,200891.49903118343,HS-grad,9.227185438127599,Never-married,Craft-repair,Own-child,White,Male,-0.0019991332292556762,0.0019315621852874756,77.21115724990489,United-States,<=50K
41.489029027741616,Private,214083.3300522227,HS-grad,9.319597930190758,Separated,Sales,Unmarried,Black,Female,-0.0017336971759796143,0.0017536691427230836,38.11187987923431,United-States,<=50K
72.03501883715111,Private,197725.28114948986,Some-college,9.869273006867099,Married-civ-spouse,Other-service,Wife,White,Female,-0.0019987614154815675,0.001972506165504456,40.00148915851224,United-States,>50K
45.55524626122443,Private,180830.86266309718,HS-grad,3.626460701835583,Separated,Prof-specialty,Unmarried,Black,Female,-0.0019978228807449342,0.0019253185987472535,28.61070176000674,United-States,<=50K
24.949331306879735,Private,300811.28830248804,Some-college,9.999361403030381,Never-married,Sales,Not-in-family,White,Male,-0.0019961802959442138,0.0017105308771133423,40.001238701225404,United-States,<=50K
35.95536174854413,Private,426871.3191027666,HS-grad,9.137157356654388,Widowed,Craft-repair,Own-child,White,Male,-0.001998984932899475,0.0018734902143478394,22.965388939347836,United-States,<=50K
34.379356984507226,Private,186344.2063424775,Bachelors,13.117439504165315,Married-civ-spouse,Adm-clerical,Husband,White,Male,-0.0019971147775650023,0.0018343098163604737,40.00130434084046,United-States,<=50K
35.45453131083734,Private,201349.23532280768,Some-college,9.876838422197808,Divorced,Adm-clerical,Other-relative,White,Female,-0.001983083724975586,0.001802177906036377,40.00125304782499,United-States,<=50K
71.0222830437642,Private,148277.96091316902,Bachelors,9.36332063834035,Married-civ-spouse,Exec-managerial,Husband,White,Male,-0.0019987163543701172,0.0019795645475387575,52.69262502240224,United-States,>50K
24.043769050541158,Private,207028.09175870527,Some-college,9.843196388779068,Never-married,Other-service,Own-child,White,Female,-0.0019661601781845095,0.0018617134094238283,40.001014981866966,United-States,<=50K
58.53132772973073,Private,221212.95798004555,Masters,13.74356331275053,Married-civ-spouse,Other-service,Husband,White,Male,-0.0019963741302490234,0.001870221495628357,50.78315026093511,United-States,<=50K
58.665679352503034,Private,195606.8806490868,7th-8th,1.67814622610741,Married-civ-spouse,Craft-repair,Husband,White,Male,-0.0019957808256149292,0.0018407795429229736,40.001835256935244,Mexico,<=50K
45.16003511757232,Self-emp-not-inc,134859.0141057232,Some-college,9.613837904700265,Divorced,Adm-clerical,Other-relative,White,Female,-0.001985838294029236,0.0018204050064086915,40.00142429947961,United-States,<=50K
25.540225208229245,State-gov,212752.9702240359,Bachelors,12.819761264165917,Never-married,Other-service,Wife,White,Female,-0.001994549751281738,0.001989429593086243,74.37971135466209,United-States,<=50K
34.45995520448868,Private,350325.8283063363,Some-college,9.971888606558323,Never-married,Adm-clerical,Other-relative,White,Female,-0.0019957717657089233,0.0019576222896575926,40.001643777252326,United-States,<=50K
56.87221892721189,Private,229090.11589948606,Masters,14.083453858973328,Never-married,Prof-specialty,Not-in-family,White,Female,-0.0019976270198822023,0.0017902038097381593,40.00166420698274,United-States,<=50K
26.340333408264005,Self-emp-not-inc,101107.572286152,Bachelors,12.850251541342782,Married-civ-spouse,Craft-repair,Unmarried,White,Male,-0.0019994481801986694,0.001969514012336731,21.302237287874014,United-States,<=50K
25.317938366888075,Self-emp-not-inc,200863.3280152827,10th,5.732721516540424,Never-married,Protective-serv,Husband,White,Male,-0.0019972455501556397,0.0019356155395507813,40.00140181648839,United-States,<=50K
42.211967020204916,private,291720.80283178383,HS-grad,9.142080685364881,Married-civ-spouse,Prof-specialty,Husband,White,Male,-198.22641556176586,0.0018781341314315796,40.00163686168302,United-States,<=50K
58.467582607226454,Private,229345.89150397485,10th,6.079584077347684,Married-civ-spouse,Craft-repair,Husband,White,Male,-0.0019896312952041627,0.0018772093057632447,52.29027953764655,United-States,<=50K
34.0231061169835,Private,771784.3932666819,Some-college,9.874939721606598,Never-married,Adm-clerical,Not-in-family,White,Female,-0.0019977158308029175,0.0018959009647369386,40.00177090370763,United-States,<=50K
43.964983262707726,Private,195429.1348222884,Bachelors,13.09443813857223,Divorced,Other-service,Not-in-family,Black,Male,-0.001996599316596985,0.0019539023637771607,40.00165858757604,United-States,<=50K
44.52961994916687,Private,447585.76350926445,Bachelors,13.157456271429222,Never-married,Other-service,Not-in-family,White,Female,-0.0019877943992614748,0.0017919087409973145,52.571777293434266,United-States,<=50K
45.28712565575703,Local-gov,220114.23507879413,11th,7.367693694586202,Married-civ-spouse,Exec-managerial,Husband,Asian-Pac-Islander,Male,-0.001985278367996216,0.0019475263357162475,40.001466660500654,United-States,<=50K
